url,Beds,Baths,Pricing
https://rentals.ca/ottawa/1725-frobisher-lane,1 ,1 ,$1539
https://rentals.ca/ottawa/2995-albion-road,1 - 2 ,1 ,$1319 - $1559
https://rentals.ca/ottawa/230240-brittany-drive,2 ,1 ,$1629
https://rentals.ca/ottawa/1833-frobisher-lane,0 - 2 ,1 - 1.5 ,$1399 - $2014
https://rentals.ca/ottawa/435-albert-st,1 - 2 ,1 - 1.5 ,$2050 - $2550
https://rentals.ca/ottawa/192-bronson-ave,0 - 2 ,1 - 2 ,$1675 - $3850
https://rentals.ca/ottawa/avalon-park,0 - 2 ,1 ,$1345 - $1879
https://rentals.ca/ottawa/2181-navaho-drive,1 - 3 ,1 ,$1529 - $2099
https://rentals.ca/ottawa/2969-fairlea-crescent,0 - 1 ,1 ,$1399 - $1599
https://rentals.ca/ottawa/6-oblats,0 - 2 ,1 ,$1675 - $3115
https://rentals.ca/ottawa/285-loretta-the-dowsview,0 - 1 ,1 ,$1399 - $1499
https://rentals.ca/ottawa/473-albert-street,0 - 2 ,1 - 2 ,$1695 - $3255
https://rentals.ca/ottawa/964-smyth-st,1 - 2 ,1 - 2 ,$1895 - $2475
https://rentals.ca/ottawa/liv-apartments,1 - 3 ,1 - 1.5 ,$1739 - $3499
https://rentals.ca/ottawa/160-chapel,0 - 1 ,1 ,$1300 - $1800
https://rentals.ca/ottawa/10-oblats,1 - 2 ,1 - 2 ,$2000 - $2830
https://rentals.ca/ottawa/the-seigniory,0 - 2 ,1 ,$1400 - $2290
https://rentals.ca/ottawa/518-rochester-street-2,1 - 2.5 ,1 - 2 ,$1850 - $3200
https://rentals.ca/ottawa/1300-richmond-road,1 - 2 ,1 ,$1500 - $1850
https://rentals.ca/ottawa/2880-carling-avenue,0 - 1 ,1 ,$1395 - $1576
https://rentals.ca/ottawa/3360-paul-anka-drive,0 - 2 ,1 ,$1495 - $1899
https://rentals.ca/ottawa/2900-carling-avenue,0 - 2 ,1 ,$1299 - $1784
https://rentals.ca/ottawa/1000-castle-hill-crescent,1 - 2 ,1 - 1.5 ,$1759 - $1999
https://rentals.ca/ottawa/2920-fairlea-crescent-2,1 - 2 ,1 ,$1553 - $1856
https://rentals.ca/ottawa/190-lees-avenue,1 - 2 ,1 ,$1743 - $2285
https://rentals.ca/ottawa/1701-kilborn-avenue,3 - 4 ,1.5 - 3 ,$2200 - $2600
https://rentals.ca/ottawa/21-james-street,1 ,1 ,$1753
https://rentals.ca/ottawa/1975-st-laurent,1 - 2 ,1 ,$1576 - $1772
https://rentals.ca/ottawa/45-bertrand-street,2 ,1 ,$1695
https://rentals.ca/ottawa/105-carruthers-avenue,1 ,1 ,$1350
https://rentals.ca/ottawa/89-forward-avenue,0 ,1 ,$1269
https://rentals.ca/ottawa/360-croydon-avenue,1 ,1 ,$1419
https://rentals.ca/ottawa/335-mcarthur-ave,2 - 3 ,1 ,$1474 - $1879
https://rentals.ca/ottawa/805-carling,1 - 1.5 ,1 ,$2295 - $2695
https://rentals.ca/ottawa/144-renfrew-ave,2 ,1 ,$1925
https://rentals.ca/ottawa/2344-midway-ave,1 ,1 ,$1600
https://rentals.ca/ottawa/315-mcrae-avenue,1 - 2 ,1 - 2 ,$1720 - $2600
https://rentals.ca/ottawa/39-rue-marjorie-d-shackleton,2 ,1 ,$1995 - $2025
https://rentals.ca/ottawa/2025-2035-othello-avenue,1 ,1 ,$1479
https://rentals.ca/ottawa/29-robinson,2 ,1 - 2 ,$2275 - $2430
https://rentals.ca/ottawa/1425-vanier-pkwy,1.5 - 2.5 ,1 - 2 ,$2599 - $3649
https://rentals.ca/ottawa/28-pretoria-avenue-1,1 ,1 ,$2150
https://rentals.ca/ottawa/330-mcleod,0 - 1 ,1 ,$1350 - $1475
https://rentals.ca/ottawa/929-richmond-road-1,1 - 2.5 ,1 ,$1935 - $2815
https://rentals.ca/ottawa/928-roger-griffiths-avenue,2 - 3 ,2.5 - 3 ,$2475 - $2575
https://rentals.ca/ottawa/305-metcalfe-street,0 - 1 ,1 ,$1350 - $1699
https://rentals.ca/ottawa/1309-carling-avenue,0 - 2 ,1 - 2 ,$1575 - $3210
https://rentals.ca/ottawa/280-laurier-avenue-east,0 - 1 ,1 ,$1750 - $2650
https://rentals.ca/ottawa/350-queen-elizabeth-drive,1 ,1 ,$1760
https://rentals.ca/ottawa/135-maclaren-street,1 ,1 ,$1699
https://rentals.ca/ottawa/86-hinton,0 - 1 ,1 ,$1700 - $2325
https://rentals.ca/ottawa/1140-wellington,1 - 2 ,1 - 2 ,$2000 - $2903
https://rentals.ca/ottawa/185-195-200-clearview-avenue,2 ,1 - 1.5 ,$1950 - $2095
https://rentals.ca/ottawa/200-rideau-terrace,1 - 2 ,1 ,$1679 - $2199
https://rentals.ca/ottawa/1300-1310-mcwatters-road,1 - 2 ,1 - 2 ,$1599 - $1980
https://rentals.ca/ottawa/315-holmwood-avenue,0 - 1 ,1 ,$1375 - $1680
https://rentals.ca/ottawa/1140-fisher-avenue-1,1 ,1 ,$1525
https://rentals.ca/ottawa/1241-kilborn-place,1 ,1 ,$1540
https://rentals.ca/ottawa/britannia-parkside,2 - 3 ,1 ,$1695 - $2070
https://rentals.ca/ottawa/335-metcalfe-street,1 - 2 ,1 ,$1749 - $2199
https://rentals.ca/ottawa/460-st-laurent-blvd,1 - 3 ,1 - 1.5 ,$1750 - $3515
https://rentals.ca/ottawa/468-clarence-st-east,2 ,1 ,$1850
https://rentals.ca/ottawa/1090-kristin-way,1 - 2 ,1 ,$1450 - $1650
https://rentals.ca/ottawa/684-tweedsmuir-avenue,2 ,1 ,$1800
https://rentals.ca/ottawa/255-bay-street-id670220,1 ,1 ,$1950
https://rentals.ca/ottawa/255-bay-street-4,1 ,1 ,$1980
https://rentals.ca/ottawa/2002-avenue-p,2 ,1.5 ,$2100
https://rentals.ca/ottawa/178-clarence,1 ,1 ,$1400
https://rentals.ca/ottawa/60-herridge-st,3 ,2 ,$2950
https://rentals.ca/ottawa/43-pittaway-ave,4 ,2.5 ,$3200
https://rentals.ca/ottawa/466-nelson-street,2 ,2.5 ,$2400
https://rentals.ca/ottawa/351-friel,0 ,1 ,$1750
https://rentals.ca/ottawa/1126-gateway-road,3 ,1 ,$2200
https://rentals.ca/ottawa/140-osgoode-street,1 ,1 ,$1300
https://rentals.ca/ottawa/330-everest-private,2 ,1.5 ,$1650
https://rentals.ca/ottawa/185-anthracite-private,3 ,1.5 ,$2000
https://rentals.ca/ottawa/3301-uplands-drive,2 ,1 ,$1625
https://rentals.ca/ottawa/2-308-columbus-avenue,2 ,1 ,$1700
https://rentals.ca/ottawa/2655-don-street,3 ,1 ,$2100
https://rentals.ca/ottawa/337-sunnyside-avenue-1,2 ,1 ,$2300
https://rentals.ca/ottawa/575-byron-avenue-1,2 ,2 ,$3100
https://rentals.ca/ottawa/779-halstead-street,4 ,2 ,$2850
https://rentals.ca/ottawa/119-daly-avenue,1 ,1 ,$1400
https://rentals.ca/ottawa/2164-valley-drive,4 ,2 ,$2650
https://rentals.ca/ottawa/352-gotham-private,2 ,1.5 ,$2275
https://rentals.ca/ottawa/1071-ambleside-drive,1 - 2 ,1 ,$1409 - $1809
https://rentals.ca/ottawa/130-rochester-street,2 ,2 ,$2200
https://rentals.ca/ottawa/939-weston-drive,3 ,2 ,$2645
https://rentals.ca/ottawa/417-nelson-street,2 - 3 ,2 - 3 ,$1050 - $1250
https://rentals.ca/ottawa/444-cambridge-street,4 ,2 ,$2800
https://rentals.ca/ottawa/263-greensway-avenue,1 - 2 ,1 - 2 ,$1695 - $2295
https://rentals.ca/ottawa/101-115-amaya,4 - 7 ,1 - 3 ,$775
https://rentals.ca/ottawa/1960-scott-street,1 - 2 ,1 - 2 ,$1649 - $2900
https://rentals.ca/ottawa/344-c-344-somerset-street-e,4 ,1.5 ,$2800
https://rentals.ca/ottawa/169-lisgar-street,1 - 2 ,1 ,$1765 - $2450
https://rentals.ca/ottawa/163-maclaren-street,1 ,1 ,$1590 - $1700
https://rentals.ca/ottawa/211-wurtemburg-street,1 - 3 ,1 - 2 ,$1900 - $3500
https://rentals.ca/ottawa/40-the-driveway,1 ,1 ,$1899
https://rentals.ca/ottawa/2190-2270-halifax-drive,4 ,2 ,$2950
https://rentals.ca/ottawa/253-york-street,1 - 2 ,1 ,$1750 - $2275
https://rentals.ca/ottawa/2861-baycrest-drive,1 - 2 ,1 - 2 ,$1319 - $1569
https://rentals.ca/ottawa/canterbury-square,1 - 2 ,1 ,$1685 - $1930
https://rentals.ca/ottawa/851-richmond-road,0 - 1 ,1 ,$1350 - $1510
https://rentals.ca/ottawa/1316-carling-avenue,0 - 2 ,1 ,$1390 - $1800
https://rentals.ca/ottawa/parkway-park,1 - 3 ,1 ,$1455 - $2199
https://rentals.ca/ottawa/235-charlotte-street-1,3 ,1 ,$2299
https://rentals.ca/ottawa/1161-1171-wellington-st,1 - 2 ,1 ,$1479 - $1999
https://rentals.ca/ottawa/146-stewart-street,1 ,1 ,$1369
https://rentals.ca/ottawa/185-lyon-street-north,0 - 2 ,1 ,$1789 - $2759
https://rentals.ca/ottawa/221-lyon-street-north,1 - 2 ,1 - 2 ,$2424 - $4655
https://rentals.ca/ottawa/121-parkdale-ave,1 - 2 ,1 - 2 ,$1620 - $5420
https://rentals.ca/ottawa/731-cooper-st,2 ,1 ,$1800
https://rentals.ca/ottawa/80-flora-st,1.5 ,1 ,$1550
https://rentals.ca/ottawa/178-james-st,1 ,1 ,$1650
https://rentals.ca/ottawa/4-somerset-st-west,3 ,1 ,$2800
https://rentals.ca/ottawa/414-albert-st,2 ,1 ,$1850
https://rentals.ca/ottawa/214-gloucester-st,2 ,1 ,$1900
https://rentals.ca/ottawa/234-charlotte-st,2 ,1 ,$1800
https://rentals.ca/ottawa/235-bay-street,1 ,1 ,$1600
https://rentals.ca/ottawa/179-george-street-5,2 ,2 ,$2550
https://rentals.ca/ottawa/64-genest-street-5,2 ,1 ,$1800
https://rentals.ca/ottawa/192-fifth-ave,4 ,2 ,$3100
https://rentals.ca/ottawa/1509-324-laurier-avenue-e,2 ,2 ,$2600
https://rentals.ca/ottawa/99-range-road,1 ,1 ,$2550
https://rentals.ca/ottawa/280-rue-oconnor-street-1,1 - 2 ,1 - 2 ,$1825 - $3050
https://rentals.ca/ottawa/218-morel-private,3 ,2.5 ,$2300
https://rentals.ca/ottawa/124-springfield-road-1,1 - 2 ,1 ,$1584 - $1869
https://rentals.ca/ottawa/192-second,1 - 1.5 ,1 ,$1900 - $2250
https://rentals.ca/ottawa/196-beechwood,0 - 2 ,1 ,$1800 - $2550
https://rentals.ca/ottawa/104-greenfield-avenue,3 ,2.5 ,$3495
https://rentals.ca/ottawa/179-wingham,4 ,3 ,$2750
https://rentals.ca/ottawa/46-nelson,1 ,1 ,$1800 - $1950
https://rentals.ca/ottawa/290-mona-avenue,2 ,1 ,$1599
https://rentals.ca/ottawa/2870-cedarwood-drive,1 - 2 ,1 ,$1319 - $1649
https://rentals.ca/ottawa/833-richmond-road,1 - 2 ,1 - 2 ,$1730 - $2195
https://rentals.ca/ottawa/1170-fisher-avenue,2 ,1 ,$1629
https://rentals.ca/ottawa/2001-carling-avenue,0 - 2 ,1 ,$1375 - $1870
https://rentals.ca/ottawa/57-bayswater,2 ,1 ,$1949
https://rentals.ca/ottawa/225-maclaren,2 ,1 ,$2149
https://rentals.ca/ottawa/1196-shillington-avenue,1 ,1 ,$1529
https://rentals.ca/ottawa/638-center-st,1 - 2 ,1 ,$1425 - $2185
https://rentals.ca/ottawa/1785-1815-baseline-road,2 ,1 ,$1599 - $1899
https://rentals.ca/ottawa/61-spruce-street,2 ,1 ,$1750
https://rentals.ca/ottawa/96-pretoria-avenue-1,5 ,3 ,$45400
https://rentals.ca/ottawa/683-somerset-street-west,1 ,1 ,$1490
https://rentals.ca/ottawa/187-flora-street,1 ,1 ,$1650
https://rentals.ca/ottawa/141-augusta-street-1,1 ,1 ,$1580
https://rentals.ca/ottawa/316-bruyere-street-1,2 ,2 ,$2700
https://rentals.ca/ottawa/255-frechette-st-vanier,1 ,1 ,$1400
https://rentals.ca/ottawa/235-somerset-street-west,1 ,1 ,$1609
https://rentals.ca/ottawa/695-morgan-street,2 ,1 ,$1950
https://rentals.ca/ottawa/87-mann-avenue-1,0 ,1 ,$1575 - $1775
https://rentals.ca/ottawa/175-curruthers-ave,0 - 2 ,1 - 2 ,$1600 - $3500
https://rentals.ca/ottawa/46-flora-st,1 - 2 ,1 - 2 ,$1763 - $2697
https://rentals.ca/ottawa/2881-richmond-road,1 - 2 ,1 ,$1515 - $1745
https://rentals.ca/ottawa/854-bank-street,2 ,1 ,$2200
https://rentals.ca/ottawa/354-tillbury-avenue,2 ,1 ,$1690
https://rentals.ca/ottawa/1-206-ste-monique-street,1 ,1 ,$1500
https://rentals.ca/ottawa/350-montgomery-st-1,1 - 4 ,1 - 2 ,$1600 - $3000
https://rentals.ca/ottawa/621-cummings-avenue,1 ,1 ,$1400 - $1500
https://rentals.ca/ottawa/341-maclaren-st,1 ,1 ,$1750
https://rentals.ca/ottawa/1-rosebery-avenue,1 ,1 ,$1699
https://rentals.ca/ottawa/1230-1240-emperor-ave,2 ,1 ,$1699
https://rentals.ca/ottawa/214-metcalfe,1 ,1 ,$1599
https://rentals.ca/ottawa/554-highcroft-avenue-unit-2,2 ,1 ,$1795
https://rentals.ca/ottawa/180-metcalfe-street,0 - 2 ,1 ,$1400 - $3000
https://rentals.ca/ottawa/99-fifth-ave,1 - 2 ,1 ,$1839 - $3499
https://rentals.ca/ottawa/2820-carling-avenue,1 ,1 ,$1425
https://rentals.ca/ottawa/61-parent-avenue-19,0 ,1 ,$175
https://rentals.ca/ottawa/2242-old-lilac-lane,5.5 ,3.5 ,$5000
https://rentals.ca/ottawa/west-236,1 - 2 ,1 - 2 ,$2249 - $3599
https://rentals.ca/ottawa/2826-sandalwood-drive,1 - 2.5 ,1 - 2 ,$1879 - $2559
https://rentals.ca/ottawa/440-roosevelt-avenue,4.5 ,3.5 ,$5500
https://rentals.ca/ottawa/75-blackburn-avenue,5 ,2 ,$750 - $3700
https://rentals.ca/ottawa/258-carruthers-avenue,1 ,1 ,$1500 - $1600
https://rentals.ca/ottawa/bleue-road,2 ,1.5 ,$1796
https://rentals.ca/ottawa/350-fifth-avenue-2,3 ,1 ,$2399
https://rentals.ca/ottawa/350-fifth-avenue-1,1 ,1 ,$1100
https://rentals.ca/ottawa/350-fifth-avenue,3 ,1 ,$2399
https://rentals.ca/ottawa/448-pleasant-park-road,4 ,4 ,$2500
https://rentals.ca/ottawa/61-mcewen-avenue,2 ,1 ,$1950
https://rentals.ca/ottawa/350-mayfield-st,0 - 2 ,1 ,$1250 - $2200
https://rentals.ca/ottawa/324-cambridge,1 - 2 ,1 ,$1450 - $1950
https://rentals.ca/ottawa/arbor-village-1030-1040-hollington-street,0 - 1 ,1 ,$1299 - $1549
https://rentals.ca/ottawa/503-maclaren-st,1 ,1 ,$1650
https://rentals.ca/ottawa/19-robinson,0 - 1.5 ,1 ,$1535 - $2170
https://rentals.ca/ottawa/62-spadina-avenue,0 ,1 ,$1245
https://rentals.ca/ottawa/the-met-170-metcalfe-street,1 ,1 ,$1875
https://rentals.ca/ottawa/323-besserer,8 ,4 ,$730
https://rentals.ca/ottawa/22-murray-street,1 ,1 ,$1895
https://rentals.ca/ottawa/235-kent-street-3,1.5 ,1 ,$1910
https://rentals.ca/ottawa/689-churchill-ave,0 - 1 ,1 ,$1375 - $1725
https://rentals.ca/ottawa/5-julian-avenue,1 ,1 ,$1499
https://rentals.ca/ottawa/179-george-street-2,0 - 1 ,0 - 1 ,$1695
https://rentals.ca/ottawa/3400-paul-anka-drive,3 ,1.5 ,$1795
https://rentals.ca/ottawa/1500-walkley-road,1 ,1 ,$1539
https://rentals.ca/ottawa/170-metcalfe-st,1 - 2 ,1 ,$3300 - $3900
https://rentals.ca/ottawa/12-jolliet,2 ,2 ,$2500
https://rentals.ca/ottawa/238-carruthers,1.5 ,1 ,$2550
https://rentals.ca/ottawa/2851-baycrest-drive,1 - 2 ,1 ,$1309 - $1519
https://rentals.ca/ottawa/2840-baycrest-drive,2 ,1 ,$1639
https://rentals.ca/ottawa/210-stewart-st,1 ,1 ,$1550
https://rentals.ca/ottawa/22-central-avenue,3 ,3.5 ,$3495
https://rentals.ca/ottawa/319-wilbrod,8 ,3 ,$795
https://rentals.ca/ottawa/328-frank-st-1,2 ,2 ,$2300
https://rentals.ca/ottawa/105-champagne-avenue-south,1 - 2 ,1 - 2 ,$1100 - $2200
https://rentals.ca/ottawa/20-the-driveway-1,2 ,2 ,$3800
https://rentals.ca/ottawa/355-elgin-street,3 ,1 ,$1895
https://rentals.ca/ottawa/260-brittany-dr,1 ,1 ,$1395
https://rentals.ca/ottawa/95-3415-uplands-drive,3 ,1.5 ,$1900
https://rentals.ca/ottawa/1279-castle-hill-crescent,3 ,1.5 ,$2475
https://rentals.ca/ottawa/240-harcourt-avenue,4 ,1.5 ,$2500
https://rentals.ca/ottawa/169-lisgar-st,1 - 2 ,1 ,$2900 - $3480
https://rentals.ca/ottawa/387-daly,1 ,1 ,$1800
https://rentals.ca/ottawa/328-frank-st,1 ,1 ,$1550
https://rentals.ca/ottawa/62-carlyle-avenue,3.5 ,0 ,$2900
https://rentals.ca/ottawa/185-lyon-street-north-1,1 - 2 ,1 ,$3270 - $5070
https://rentals.ca/ottawa/11-huron-avenue-north,1 ,1 ,$1925
https://rentals.ca/ottawa/149-henderson-avenue-1b-c,6 ,3 ,$920
https://rentals.ca/ottawa/80-nelson-street,0 ,1 ,$1275
https://rentals.ca/ottawa/230-latchford-rd,3 ,2.5 ,$3000
https://rentals.ca/ottawa/333-metcalfe,1 ,1 ,$1550
https://rentals.ca/ottawa/400-apple-tree-lane,3 ,3 ,$2695
https://rentals.ca/ottawa/409-chapel-street,7 ,3 ,$800
https://rentals.ca/ottawa/447-green-avenue,5 ,3.5 ,$4500 - $5000
https://rentals.ca/ottawa/52-bayswater-avenue,1 ,1 ,$1599
https://rentals.ca/ottawa/116-boteler-street,3 ,1.5 ,$2600
https://rentals.ca/ottawa/784-saint-laurent-boulevard-1,1 - 2 ,1 - 2 ,$1745 - $2050
https://rentals.ca/ottawa/256-rideau,0 - 2 ,1 ,$1100 - $2500
https://rentals.ca/ottawa/655-755-anand-private,1 - 2 ,1 - 2 ,$1705 - $2135
https://rentals.ca/ottawa/146-152-osgoode,1 ,1 ,$1475 - $1495
https://rentals.ca/ottawa/477-cumberland-street-3,1 ,1 ,$1430
https://rentals.ca/ottawa/160-ottawa-prestige-circle,1 - 2 ,1 - 2 ,$1885 - $2450
https://rentals.ca/ottawa/330-queen-elizabeth-drive,1 ,1 ,$1715
https://rentals.ca/ottawa/149-henderson,6 ,3 ,$920
https://rentals.ca/ottawa/111-cooper-street-7,0 - 2 ,1 - 2 ,$1230 - $1895
https://rentals.ca/ottawa/131-parkdale-avenue,2 ,1 ,$1509
https://rentals.ca/ottawa/324-chapel-st,1 ,1 ,$1500
https://rentals.ca/ottawa/55-sweetland-ave,1 ,1 ,$1500
https://rentals.ca/ottawa/17-aberdeen-street,2 ,1 ,$2199
https://rentals.ca/ottawa/400-montfort-street,2 ,1 ,$1695
https://rentals.ca/ottawa/126-sparks-street,1 ,1 - 1.5 ,$2450 - $2800
https://rentals.ca/ottawa/1541-lycee-place,1 - 3 ,1 ,$1703 - $2591
https://rentals.ca/ottawa/700-somerset-street-west,0.5 - 2 ,1 ,$1480 - $2395
https://rentals.ca/ottawa/1199-shillington-avenue,2 ,1.5 ,$2990
https://rentals.ca/ottawa/475-laurier-avenue-west,1 ,1 ,$1650
https://rentals.ca/ottawa/596-mcleod-street-1,1 ,1 ,$1800
https://rentals.ca/ottawa/411-north-river-rd-1,2 ,1.5 ,$3650
https://rentals.ca/ottawa/1971-st-laurent-blvd,1 ,1 ,$1611
https://rentals.ca/ottawa/190-lees-avenue-2,1 - 2 ,1 ,$1705 - $2289
https://rentals.ca/ottawa/305-rideau-st,1 - 4 ,1 - 2 ,$1075 - $2150
https://rentals.ca/ottawa/2828-richmond-road,3 ,2 ,$2495
https://rentals.ca/ottawa/450-daly-avenue-1,2 ,1 ,$600
https://rentals.ca/ottawa/357-frank-street,3 ,1 ,$2400
https://rentals.ca/ottawa/102-saint-andrew-street,2 ,1.5 ,$2400
https://rentals.ca/ottawa/250-besserer-street,1 ,1 ,$1950
https://rentals.ca/ottawa/605-maclaren-street,2.5 ,1 ,$1500
https://rentals.ca/ottawa/215-cooper-street,6 ,2 ,$4200
https://rentals.ca/ottawa/179-metcalfe-street,1 ,1 ,$1950
https://rentals.ca/ottawa/2040-dovercourt-avenue,3 ,2 ,$3200
https://rentals.ca/ottawa/16-spadina-avenue-unit2,2 ,1 ,$2300
https://rentals.ca/ottawa/293-zephyr-avenue,3 ,2 ,$2700
https://rentals.ca/ottawa/2119-black-friars-road,4 ,3 ,$3400
https://rentals.ca/ottawa/179-metcalfe-street-unit401,2 ,2 ,$2595
https://rentals.ca/ottawa/615-allied-mews,3 ,3 ,$2250
https://rentals.ca/ottawa/354-jean-talon-street,4 ,1 ,$2499
https://rentals.ca/ottawa/249-temby-private,3 ,3 ,$2250
https://rentals.ca/ottawa/58-young-street-unita-2,3 ,3 ,$3900
https://rentals.ca/ottawa/234-rideau-street-unit1807,2 ,2 ,$2750
https://rentals.ca/ottawa/154-waverley-street-unit1c,2 ,2 ,$2600
https://rentals.ca/ottawa/179-metcalfe-street-unit1408,1 ,1 ,$2200
https://rentals.ca/ottawa/179-george-street-unit2008-1,2 ,2 ,$2800
https://rentals.ca/ottawa/263-greensway-avenue-unit203,1 ,1 ,$1749
https://rentals.ca/ottawa/570-laurier-avenue-w-unit1703,1 ,1 ,$2550
https://rentals.ca/ottawa/100-applegate-private,3 ,3 ,$3300
https://rentals.ca/ottawa/2610b-river-road,2 ,1 ,$1350
https://rentals.ca/ottawa/191-kipp-street,3 ,4 ,$3400
https://rentals.ca/ottawa/681-edison-avenue-unith,3 ,3 ,$2995
https://rentals.ca/ottawa/300-meilleur-private-unitf,2 ,2 ,$2250
https://rentals.ca/ottawa/179-george-street-unit205,2 ,2 ,$2500
https://rentals.ca/ottawa/71-somerset-street-w-unit1803,2 ,2 ,$2200
https://rentals.ca/ottawa/313-saint-patrick-street,2 ,1.5 ,$2150
https://rentals.ca/ottawa/195-martin-avenue,3 ,1 ,$2100
https://rentals.ca/ottawa/854-bank-street-2,2 ,1 ,$2750
https://rentals.ca/ottawa/2021-allegrini-terr,3 ,2.5 ,$2195
https://rentals.ca/ottawa/429-somerset-street-west-2,2 ,2 ,$2800
https://rentals.ca/ottawa/217-strathcona-avenue-1,3 ,3 ,$5800
https://rentals.ca/ottawa/234-rideau-street-1,2 ,2 ,$2650
https://rentals.ca/ottawa/56-queen-victoria-street,2 ,2 ,$2800
https://rentals.ca/ottawa/200-rideau-street-unit1010-1,1 ,1 ,$1850
https://rentals.ca/ottawa/475-laurier-avenue-w-unit2003,1 ,1 ,$1650
https://rentals.ca/ottawa/276-carruthers-avenue-unita,1 ,1 ,$1950
https://rentals.ca/ottawa/264-bruyere-street-1,3 ,1 ,$2395
https://rentals.ca/ottawa/101-queen-street-unit910,2 ,2 ,$3200
https://rentals.ca/ottawa/612-bank-street-unit16-1,1 ,1 ,$1800
https://rentals.ca/ottawa/40-nepean-street-unit1102,1 ,1 ,$1800
https://rentals.ca/ottawa/6435-fallowfield-road,1 ,1 ,$2100
https://rentals.ca/ottawa/19-belgrave-road-1,4 ,2 ,$2975
https://rentals.ca/ottawa/355-livery-street,3 ,3 ,$2400
https://rentals.ca/ottawa/325-crossway-terrace,4 ,3 ,$2400
https://rentals.ca/ottawa/302-st-andrew-street,3 ,2 ,$2795
https://rentals.ca/ottawa/76-macdonald-street,2 ,2 ,$3700
https://rentals.ca/ottawa/104-little-london-private,2 ,2 ,$2950
https://rentals.ca/ottawa/2-newport-crescent,3 ,2 ,$2300
https://rentals.ca/ottawa/1020-keeper-heights-1,4 ,4 ,$2798
https://rentals.ca/ottawa/415-greenview-avenue,1 ,1 ,$1425
https://rentals.ca/ottawa/87-spadina-avenue-3,5 ,2 ,$3387
https://rentals.ca/ottawa/670-borthwick-avenue,1 ,1 ,$1525
https://rentals.ca/ottawa/505-saint-laurent-boulevard,3 ,1.5 ,$2300
https://rentals.ca/ottawa/200-besserer-street-1,0.5 ,0.5 ,$2050
https://rentals.ca/ottawa/276-carruthers-avenue-2,1 ,1 ,$1950
https://rentals.ca/ottawa/276-carruthers-avenue,2 ,1 ,$2800
https://rentals.ca/ottawa/1896-norwood-avenue,4 ,2.5 ,$3500
https://rentals.ca/ottawa/45-st-andrew-street-unitb,2 ,1 ,$1800
https://rentals.ca/ottawa/413-donald-b-munro-drive,2 ,1 ,$2050
https://rentals.ca/ottawa/543-de-mazenod-avenue,3 ,3 ,$3300
https://rentals.ca/ottawa/149-buena-vista-road-1,6 ,6 ,$9000
https://rentals.ca/ottawa/428-sparks-street-unit1202,1 ,1 ,$2350
https://rentals.ca/ottawa/255-argyle-avenue-unitph1,2 ,2 ,$4000
https://rentals.ca/ottawa/316-bruyere-street-unit216,2 ,2 ,$2395
https://rentals.ca/ottawa/203-catherine-street-unit712,1 ,1 ,$1875
https://rentals.ca/ottawa/317-chamomile-way,4 ,3 ,$3495
https://rentals.ca/ottawa/1227-wellington-avenue-unit303,2 ,2 ,$3500
https://rentals.ca/ottawa/40-nepean-street-unit704-1,0 ,1 ,$2000
https://rentals.ca/ottawa/179-metcalfe-street-unit1705,1 ,1 ,$2100
https://rentals.ca/ottawa/2083-river-road,4 ,3 ,$7500
https://rentals.ca/ottawa/569-mcleod-street-unit4-1,2 ,2 ,$2500
https://rentals.ca/ottawa/179-metcalfe-street-unit2605,1 ,1 ,$2099
https://rentals.ca/ottawa/101-pinhey-street-unit402,2 ,2 ,$2400
https://rentals.ca/ottawa/26-rideau-terrace-1,4 ,3 ,$4100
https://rentals.ca/ottawa/556-laurier-avenue-west,2 ,2 ,$2500
https://rentals.ca/ottawa/2385-ryan-drive-1,3 ,1.5 ,$2600
https://rentals.ca/ottawa/springland-drive,3 ,1.5 ,$795
https://rentals.ca/ottawa/32-rookie-crescent,3 ,2.5 ,$2395
https://rentals.ca/ottawa/440-roosevelt-avenue-1,1 ,1 ,$1850
https://rentals.ca/ottawa/59-cathcart-street,1 ,1 ,$1900
https://rentals.ca/ottawa/2347-baseline-road,4 ,1.5 ,$800
https://rentals.ca/ottawa/300-lisgar-street-3,1 ,1 ,$1900
https://rentals.ca/ottawa/19-melrose-avenue,2 ,2 ,$4250
https://rentals.ca/ottawa/224-lyon-street-north-3,1.5 ,1 ,$2200
https://rentals.ca/ottawa/1845-baseline-road,1 ,1 ,$800
https://rentals.ca/ottawa/327-breezehill-avenue-south,2 ,2 ,$2600
https://rentals.ca/ottawa/1022-pampero-crescent,3 ,3 ,$2175
https://rentals.ca/ottawa/50-fringewood-drive-unit2,3 ,2 ,$1750
https://rentals.ca/ottawa/2-arundel-avenue-1,5 ,3 ,$4500
https://rentals.ca/ottawa/199-kent-street-unit1602,1 ,1 ,$1950
https://rentals.ca/ottawa/179-metcalfe-street-unit1403,1 ,1 ,$2300
https://rentals.ca/ottawa/810-kingsmere-avenue-1,3 ,3 ,$3495
https://rentals.ca/ottawa/324-laurier-avenue-unit1512,1 ,1 ,$2300
https://rentals.ca/ottawa/1682-maple-grove-road,4 ,2 ,$2350
https://rentals.ca/ottawa/29-zoisite-private,3 ,2 ,$2200
https://rentals.ca/ottawa/50-fringewood-drive-unit1,4 ,2 ,$1950
https://rentals.ca/ottawa/2001-avenue-o-avenue,3 ,2 ,$2400
https://rentals.ca/ottawa/242-rideau-street-unit601,2 ,2 ,$3000
https://rentals.ca/ottawa/336-tweedsmuir-avenue-unit3,2 ,2 ,$2800
https://rentals.ca/ottawa/623-allied-mews,4 ,3 ,$2250
https://rentals.ca/ottawa/989-connaught-avenue-1,2 ,1 ,$1995
https://rentals.ca/ottawa/266-lorry-greenberg-drive,2 ,1 ,$1900
https://rentals.ca/ottawa/202-cumberland-street-unit4-1,2 ,2 ,$2200
https://rentals.ca/ottawa/59-beverley-avenue-1,2 ,1 ,$2100
https://rentals.ca/ottawa/134-faraday-street,3 ,1 ,$2300
https://rentals.ca/ottawa/1141-jean-park-road-1,3 ,3 ,$2800
https://rentals.ca/ottawa/96-pretoria-avenue,5 ,3 ,$4500
https://rentals.ca/ottawa/1879-lorraine-avenue,4 ,2 ,$2950
https://rentals.ca/ottawa/18-nepean-street,2 ,2 ,$2450
https://rentals.ca/ottawa/307-duncairn-avenue-2,2 ,2 ,$2295
https://rentals.ca/ottawa/59-beverley-avenue,2 ,1 ,$2100
https://rentals.ca/ottawa/861-blackcomb-private,2 ,1 ,$1795
https://rentals.ca/ottawa/1264-field-street,3 ,1 ,$2500
https://rentals.ca/ottawa/269-everest-private,2 ,2.5 ,$2450
https://rentals.ca/ottawa/356-shakespeare-street,3 ,1 ,$2200
https://rentals.ca/ottawa/6845-springrun-place,4 ,3 ,$3800
https://rentals.ca/ottawa/285-kirchoffer-avenue,4 ,5 ,$4750
https://rentals.ca/ottawa/199-slater-street-unit1810,1 ,1 ,$1850
https://rentals.ca/ottawa/98-ascari-road-1,5 ,4 ,$3500
https://rentals.ca/ottawa/304-ilmenite-private,2 ,2 ,$2100
https://rentals.ca/ottawa/15-crichton-street,3 ,3 ,$3800
https://rentals.ca/ottawa/488-gilmour-street,1 ,1 ,$1825
https://rentals.ca/ottawa/288-altha-avenue,2 ,1 ,$1800
https://rentals.ca/ottawa/668-cooper-street,1 ,1 ,$1750
https://rentals.ca/ottawa/71-metropole-private,3.5 ,2.5 ,$3795
https://rentals.ca/ottawa/205-finsbury-avenue,3 ,3 ,$2400
https://rentals.ca/ottawa/324-laurier-avenue-w-unit1911,1 ,1 ,$2200
https://rentals.ca/ottawa/245-kent-street-unit701,1 ,1 ,$2450
https://rentals.ca/ottawa/131-alamo-street,3 ,3 ,$2349
https://rentals.ca/ottawa/1785-frobisher-lane-1,2 ,1 ,$2000
https://rentals.ca/ottawa/1425-vanier-parkway-unit336,2 ,2 ,$3675
https://rentals.ca/ottawa/139-guigues-avenue-unit3,2 ,2 ,$2800
https://rentals.ca/ottawa/256-rideau-street-unit2804,0 ,1 ,$2150
https://rentals.ca/ottawa/805-carling-avenue-unit709,1 ,1 ,$2400
https://rentals.ca/ottawa/700-sussex-drive-unit403-1,2 ,2 ,$3390
https://rentals.ca/ottawa/727-pleasant-park-road,4 ,2 ,$3300
https://rentals.ca/ottawa/295-mackay-street-unit303,1 ,2 ,$2400
https://rentals.ca/ottawa/12-somerset-street-w-unit1-3,3 ,3 ,$3750
https://rentals.ca/ottawa/307-duncairn-avenue,2 ,2 ,$2295
https://rentals.ca/ottawa/110-rideau-terrace-terrace-unit2,1 ,2 ,$2350
https://rentals.ca/ottawa/1425-vanier-parkway-unit217,2 ,2 ,$3599
https://rentals.ca/ottawa/171-ethel-street,3 ,1 ,$1950
https://rentals.ca/ottawa/bermondsey-way-1,4 ,2.5 ,$2500
https://rentals.ca/ottawa/1658-baseline-rd,1 ,2.5 ,$775
https://rentals.ca/ottawa/340-mackay-street,2 ,1 ,$1900
https://rentals.ca/ottawa/walkley-road,1 ,1 ,$925
https://rentals.ca/ottawa/walkley-road-3,1 ,1 ,$1000
https://rentals.ca/ottawa/255-bay-street-id660199,1.5 ,1 ,$2199
https://rentals.ca/ottawa/58-stevenson-avenue,4 ,3 ,$4595
https://rentals.ca/ottawa/705-tweedsmuir-avenue-unit1,2 ,1 ,$1900
https://rentals.ca/ottawa/255-bay-street-unit706,1 ,1 ,$2199
https://rentals.ca/ottawa/234-colbert-crescent,4 ,4 ,$4000
https://rentals.ca/ottawa/2939-fairlea-crescent-unit34,4 ,2 ,$2000
https://rentals.ca/ottawa/622-allied-mews,3 ,3 ,$2350
https://rentals.ca/ottawa/429-somerset-street-unit1410,1 ,1 ,$1850
https://rentals.ca/ottawa/263-greensway-avenue-unit505,1 ,1 ,$1695
https://rentals.ca/ottawa/6847-south-village-drive,5 ,3 ,$3200
https://rentals.ca/ottawa/530-laurier-avenue-w-unit1609-1,1 ,1 ,$1900
https://rentals.ca/ottawa/2204-utah-street-2,4 ,3 ,$4000
https://rentals.ca/ottawa/1200-dorchester-avenue,2.5 ,1 ,$2175
https://rentals.ca/ottawa/jolliet-avenue-1,2 ,1 ,$2550
https://rentals.ca/ottawa/8-crispin-private,2 ,1.5 ,$2100
https://rentals.ca/ottawa/139-stewart-street,2 ,1 ,$1999
https://rentals.ca/ottawa/1285-cahill-drive,1 ,1 ,$2000
https://rentals.ca/ottawa/302-saint-andrew-street,3 ,1.5 ,$2795
https://rentals.ca/ottawa/943-wellington-street-west,2 ,1 ,$1950
https://rentals.ca/ottawa/115-renfrew-avenue,4 ,2 ,$3050
https://rentals.ca/ottawa/58-florence-street-unit1,1 ,1 ,$2295
https://rentals.ca/ottawa/530-laurier-avenue-unit1805,2 ,2 ,$2500
https://rentals.ca/ottawa/170-woodroffe-avenue,2 ,1 ,$1990
https://rentals.ca/ottawa/3700-revelstoke-drive,4 ,3 ,$4750
https://rentals.ca/ottawa/182-hickory-street,3 ,2 ,$3500
https://rentals.ca/ottawa/123-sherbrooke-avenue,4 ,3 ,$2995
https://rentals.ca/ottawa/360-patricia-avenue-unit811,1 ,1 ,$1900
https://rentals.ca/ottawa/216-young-street,2 ,2 ,$2750
https://rentals.ca/ottawa/323-lanark-avenue,3 ,1 ,$2790
https://rentals.ca/ottawa/555-brittany-drive-2,2 ,2 ,$1980
https://rentals.ca/ottawa/556-laurier-avenue-unit704-1,2 ,2 ,$2800
https://rentals.ca/ottawa/58-florence-street-unit4,2 ,1 ,$2800
https://rentals.ca/ottawa/117-beachview-private,3 ,2 ,$2400
https://rentals.ca/ottawa/777-derreen-avenue,3 ,3 ,$2400
https://rentals.ca/ottawa/214-northwestern-avenue,3 ,2 ,$3450
https://rentals.ca/ottawa/180-york-street,1 ,1 ,$1750
https://rentals.ca/ottawa/229-percy-street,3 ,1.5 ,$2650
https://rentals.ca/ottawa/9-nobleton-avenue,3 ,2 ,$850
https://rentals.ca/ottawa/467-slater-street-5,1 ,1 ,$1725
https://rentals.ca/ottawa/467-slater-street-4,1 ,1 ,$1675
https://rentals.ca/ottawa/345-cunningham-avenue,3 ,2 ,$2675
https://rentals.ca/ottawa/345-cunningham-avenue-1,3 ,2 ,$2675
https://rentals.ca/ottawa/467-slater-street-3,1 ,1 ,$1699
https://rentals.ca/ottawa/203-catherine-street-2,1 ,1 ,$1750
https://rentals.ca/ottawa/683-churchill-avenue-north,2 ,1 ,$1895
https://rentals.ca/ottawa/433-holland,4 ,2 ,$2999
https://rentals.ca/ottawa/324-tweedsmuir-avenue-unita,2 ,1 ,$1900
https://rentals.ca/ottawa/2896-ahearn-avenue,3 ,3 ,$2800
https://rentals.ca/ottawa/199-ste-anne-avenue-unit1,1 ,1 ,$1650
https://rentals.ca/ottawa/440-gloucester-street-unit1411,2 ,1 ,$1999
https://rentals.ca/ottawa/300-lisgar-street-unit1001,1 ,1 ,$2100
https://rentals.ca/ottawa/199-ste-anne-avenue-unit3,2 ,1 ,$1750
https://rentals.ca/ottawa/364-crossway-terrace,3 ,3 ,$2299
https://rentals.ca/ottawa/6893-south-village-drive,6 ,4 ,$3500
https://rentals.ca/ottawa/450-maclaren-street-unit10-3,2 ,1 ,$1985
https://rentals.ca/ottawa/134-york-street-unit1103,2 ,2 ,$2500
https://rentals.ca/ottawa/2361-edwin-crescent,4 ,2 ,$2700
https://rentals.ca/ottawa/450-maclaren-street-unit10-2,3 ,1 ,$1985
https://rentals.ca/ottawa/683-melbourne-avenue-unit1,2 ,2 ,$2375
https://rentals.ca/ottawa/786-mckellar-avenue,3 ,1 ,$4000
https://rentals.ca/ottawa/199-ste-anne-avenue-unit4,2 ,1 ,$1750
https://rentals.ca/ottawa/199-slater-street-unit1007,1 ,1 ,$1950
https://rentals.ca/ottawa/1250-mcwatters-road,2 ,1 ,$1850
https://rentals.ca/ottawa/158-mcarthur-avenue-1,1 ,1 ,$1950
https://rentals.ca/ottawa/118-finn-court-1,5 ,3.5 ,$3999
https://rentals.ca/ottawa/933-winnington-avenue-1,6 ,2 ,$4200
https://rentals.ca/ottawa/101-richmond-road-3,2 ,1 ,$2100
https://rentals.ca/ottawa/167-saint-andrew-street,2 ,1 ,$2049
https://rentals.ca/ottawa/1010-wellington-street-west,1 ,1 ,$1600
https://rentals.ca/ottawa/295-saint-andrew-street,2 ,1 ,$2250
https://rentals.ca/ottawa/638-center-street-2,1 ,1 ,$1805
https://rentals.ca/ottawa/687-melbourne-avenue,2 ,1 ,$3100
https://rentals.ca/ottawa/325-hinchey-avenue,2 ,2 ,$2850
https://rentals.ca/ottawa/19-melrose-avenue-unit202,2 ,2 ,$4250
https://rentals.ca/ottawa/40-adelaide-street,3 ,1 ,$3650
https://rentals.ca/ottawa/6-royal-oak-court,3 ,3 ,$2300
https://rentals.ca/ottawa/110-havelock-street-unit38,4 ,3 ,$2750
https://rentals.ca/ottawa/2233-alta-vista-drive,5 ,4 ,$4990
https://rentals.ca/ottawa/95-bronson-avenue-unit805,2 ,2 ,$2750
https://rentals.ca/ottawa/25-gentle-gate-crescent,3 ,3 ,$2000
https://rentals.ca/ottawa/242-rideau-street-unit1201-1,2 ,2 ,$2900
https://rentals.ca/ottawa/199-ste-anne-avenue-unit2,2 ,1 ,$1800
https://rentals.ca/ottawa/360-mcleod-street-unit409,1 ,1 ,$2200
https://rentals.ca/ottawa/2409-blackstone-crescent,3 ,2 ,$2350
https://rentals.ca/ottawa/158a-mcarthur-avenue-unitph6,2 ,1 ,$2200
https://rentals.ca/ottawa/2669-southvale-crescent,3 ,2 ,$750
https://rentals.ca/ottawa/467-slater-street,2 ,1 ,$2199
https://rentals.ca/ottawa/929-richmond-road-2,1.5 ,1 ,$2090
https://rentals.ca/ottawa/90-george-street-1,1.5 ,1 ,$3000
https://rentals.ca/ottawa/56-sweetnam-drive,2 ,2 ,$2500
https://rentals.ca/ottawa/191-pretoria-avenue,4 ,4 ,$3600
https://rentals.ca/ottawa/327-crossway-terrace,4 ,3 ,$2500
https://rentals.ca/ottawa/118-finn-court,5 ,4 ,$3999
https://rentals.ca/ottawa/26-wayling-avenue-1,4 ,5 ,$4395
https://rentals.ca/ottawa/317-affogato-walk,3 ,3 ,$2400
https://rentals.ca/ottawa/296-besserer-street,3 ,3 ,$3500
https://rentals.ca/ottawa/64-kindred-row,3 ,3 ,$2400
https://rentals.ca/ottawa/684-albert-street,2 ,2 ,$2300
https://rentals.ca/ottawa/26-wayling-avenue,4 ,5 ,$4395
https://rentals.ca/ottawa/234-rideau-street,1 ,1 ,$1850
https://rentals.ca/ottawa/10-pelham-crescent,3.5 ,3.5 ,$2899
https://rentals.ca/ottawa/32-havelock-street,2 ,1.5 ,$3800
https://rentals.ca/ottawa/31-commanda-way,3 ,3 ,$5750
https://rentals.ca/ottawa/95-macnabb-place,6 ,5 ,$5500
https://rentals.ca/ottawa/316-bruyere-street-unit516,2 ,2 ,$2450
https://rentals.ca/ottawa/358-somerset-street-e,5 ,5 ,$8000
https://rentals.ca/ottawa/429-kent-street-unit322,1 ,1 ,$1900
https://rentals.ca/ottawa/2246-iris-street,3 ,2 ,$2800
https://rentals.ca/ottawa/2534-upper-dwyer-hill-road,4 ,3 ,$2800
https://rentals.ca/ottawa/1180-southwood-drive-unitb,3 ,1 ,$2095
https://rentals.ca/ottawa/529-warmstone-drive,3 ,3 ,$2450
https://rentals.ca/ottawa/885-maitland-avenue,3 ,1 ,$2300
https://rentals.ca/ottawa/885-maitland-avenue-1,1 ,1 ,$1300
https://rentals.ca/ottawa/8592-pana-road,1 ,1 ,$1200
https://rentals.ca/ottawa/21-sunray-crescent,4 ,2.5 ,$2500
https://rentals.ca/ottawa/49-bertrand-street,3 ,2 ,$2995
https://rentals.ca/ottawa/192-stanley-avenue-unitb,2 ,1 ,$2050
https://rentals.ca/ottawa/146-concord-street-s,3 ,2 ,$2795
https://rentals.ca/ottawa/32-leonard-avenue,3 ,4 ,$4250
https://rentals.ca/ottawa/20-mendoza-way,4 ,4 ,$2900
https://rentals.ca/ottawa/150-ruskin-street,4 ,3 ,$3100
https://rentals.ca/ottawa/375-lisgar-street-unit205,1 ,1 ,$2200
https://rentals.ca/ottawa/26-greenboro-crescent,3 ,3 ,$2800
https://rentals.ca/ottawa/203-catherine-street-unit1605,1 ,1 ,$1900
https://rentals.ca/ottawa/121-parkdale-avenue-4,2 ,2 ,$2715
https://rentals.ca/ottawa/8-samara-place,3 ,3 ,$2300
https://rentals.ca/ottawa/146-concord-street-south,3 ,1 ,$2795
https://rentals.ca/ottawa/2629-southvale-crescent,2 ,2 ,$1849
https://rentals.ca/ottawa/327-catherine-street,0 ,1 ,$1600
https://rentals.ca/ottawa/255-bay-street-id667289,1 ,1 ,$1850
https://rentals.ca/ottawa/277-dovercourt-avenue-1,3.5 ,3.5 ,$4450
https://rentals.ca/ottawa/482-vernon-avenue,2 ,1 ,$1875
https://rentals.ca/ottawa/455-st-andrew-street-unit12,2 ,1 ,$1900
https://rentals.ca/ottawa/284-churchill-avenue-n,3 ,1 ,$3000
https://rentals.ca/ottawa/1171-ambleside-drive-unit1411,2 ,1 ,$2350
https://rentals.ca/ottawa/401-golden-avenue-unit505,2 ,2 ,$2950
https://rentals.ca/ottawa/104-west-presland-drive,3 ,2 ,$2800
https://rentals.ca/ottawa/171-overberg-way,3 ,3 ,$2200
https://rentals.ca/ottawa/775-derreen,4 ,3 ,$2800
https://rentals.ca/ottawa/4017-carp-road-unitb,3 ,2 ,$2800
https://rentals.ca/ottawa/3230-uplands-drive-unit50,3 ,2 ,$2150
https://rentals.ca/ottawa/24-waverley-street,3 ,3 ,$3990
https://rentals.ca/ottawa/2660-norberry-crescent,0 - 2 ,1 ,$995 - $1550
https://rentals.ca/ottawa/195-besserer-street-2,2 ,1 ,$2500
https://rentals.ca/ottawa/153-tall-oak-private,3 ,2.5 ,$3000
https://rentals.ca/ottawa/1872-featherston-drive-1,2 ,1 ,$1700
https://rentals.ca/ottawa/199-slater-street-3,1 ,1 ,$1995
https://rentals.ca/ottawa/69-caspian-row,4 ,2.5 ,$2400
https://rentals.ca/ottawa/100-champagne-avenue-south-1,1 ,1 ,$1800
https://rentals.ca/ottawa/51-hamilton-avenue-n,4 ,4 ,$3990
https://rentals.ca/ottawa/100-king-edward-avenue-unit6,2 ,1 ,$1995
https://rentals.ca/ottawa/2337-wyndale-crescent,4 ,4 ,$3200
https://rentals.ca/ottawa/691-hillcrest-avenue-s,5 ,4 ,$4200
https://rentals.ca/ottawa/721-hemlock-road,4 ,3 ,$5000
https://rentals.ca/ottawa/7-chancellor-court,4 ,5 ,$7250
https://rentals.ca/ottawa/470-laurier-w-avenue-unit2309-1,2 ,2 ,$2400
https://rentals.ca/ottawa/65-remembrance-crescent,5 ,4 ,$4500
https://rentals.ca/ottawa/58-florence-street-unit7,1 ,1 ,$2295
https://rentals.ca/ottawa/224-lyon-street-n-unit601,1 ,1 ,$1800
https://rentals.ca/ottawa/255-bay-street,1 ,1 ,$2300
https://rentals.ca/ottawa/225-alvin-road-3,1 ,1 ,$1850
https://rentals.ca/ottawa/121-hopewell-avenue,2 ,1 ,$2300
https://rentals.ca/ottawa/418-nepean-street,2 ,1.5 ,$2195
https://rentals.ca/ottawa/621-tweedsmuir-avenue-1,3 ,3.5 ,$4500
https://rentals.ca/ottawa/119-hinton-avenue-north,2 ,2.5 ,$2375
https://rentals.ca/ottawa/247-zenith-point,3 ,2 ,$2000
https://rentals.ca/ottawa/905-embankment-street,4 ,3 ,$3200
https://rentals.ca/ottawa/208-cowley-avenue,4 ,4 ,$5950
https://rentals.ca/ottawa/328-livery-street-unit306-r,2 ,2 ,$2295
https://rentals.ca/ottawa/200-rideou-street,2 ,1 ,$2100
https://rentals.ca/ottawa/359-richelieu-avenue-unit1,3 ,1 ,$1950
https://rentals.ca/ottawa/1100-ambleside-drive-unit708,2 ,2 ,$2050
https://rentals.ca/ottawa/195-anthracite-private,2 ,2 ,$2100
https://rentals.ca/ottawa/4119-broadway-street,1 ,1 ,$1800
https://rentals.ca/ottawa/featherston-drive,1 ,1 ,$800
https://rentals.ca/ottawa/300-lett-street,1 ,1 ,$1995
https://rentals.ca/ottawa/2-arundel-avenue-2,5 ,2.5 ,$4500
https://rentals.ca/ottawa/26-lavergne-street,2 ,1 ,$2200
https://rentals.ca/ottawa/165-chapel-street-id646313,0 - 2 ,1 - 2 ,$1739 - $3149
https://rentals.ca/ottawa/2467-junction-avenue,2 ,1 ,$1700
https://rentals.ca/ottawa/alta-vista-drive,1 ,1.5 ,$1075
https://rentals.ca/ottawa/edgeworth-avenue,1 ,1 ,$1800
https://rentals.ca/ottawa/741-weston-drive-2,3 ,1 ,$2650
https://rentals.ca/ottawa/244-charlotte-street,1 ,1 ,$700
https://rentals.ca/ottawa/221-alfred-street,2 ,1 ,$1675
https://rentals.ca/ottawa/84-avenue-blackburn,3 ,1 ,$2300
https://rentals.ca/ottawa/249-north-river-road,2 ,1 ,$2995
https://rentals.ca/ottawa/815-norton-avenue,3 ,3 ,$3300
https://rentals.ca/ottawa/815-norton-avenue-unitb,1 ,1 ,$1600
https://rentals.ca/ottawa/1250-mcwatters-road-unit39,3 ,1 ,$2100
https://rentals.ca/ottawa/235-kent-street-unit415,2 ,2 ,$2450
https://rentals.ca/ottawa/817-norton-avenue-unitb,1 ,1 ,$1600
https://rentals.ca/ottawa/1115-stittsville-main-street,2 ,2 ,$2400
https://rentals.ca/ottawa/alta-vista-drive-2,3 ,1.5 ,$4250
https://rentals.ca/ottawa/18-woodlawn-avenue,5 ,2 ,$3300
https://rentals.ca/ottawa/35-pacing-walk,3 ,3 ,$2550
https://rentals.ca/ottawa/330-dovercourt-avenue,3 ,4 ,$5000
https://rentals.ca/ottawa/191-second-avenue-2,6 ,2 ,$3800
https://rentals.ca/ottawa/30-mendoza-way,4 ,4 ,$3000
https://rentals.ca/ottawa/621-tweedsmuir-avenue,3 ,4 ,$4500
https://rentals.ca/ottawa/551-hilson-avenue,3 ,1 ,$2400
https://rentals.ca/ottawa/184-dufferin-road,3 ,2 ,$3550
https://rentals.ca/ottawa/302-rywalk-circle,4 ,4 ,$4500
https://rentals.ca/ottawa/71-metropole-private-1,3 ,3 ,$3795
https://rentals.ca/ottawa/3260-southgate-road-unit62,4 ,2 ,$2600
https://rentals.ca/ottawa/40-nepean-street-unit2003,2 ,2 ,$2800
https://rentals.ca/ottawa/370b-roosevelt-avenue,3 ,4 ,$5000
https://rentals.ca/ottawa/101-champagne-avenue-south-1,1 ,1 ,$1010
https://rentals.ca/ottawa/40-nepean-street-1,2 ,2 ,$2800
https://rentals.ca/ottawa/2-arundel-avenue,5 ,2.5 ,$5000
https://rentals.ca/ottawa/242-rideau-street-unit1604,1 ,1 ,$2400
https://rentals.ca/ottawa/2071-allegrini-terrace,3 ,3 ,$2400
https://rentals.ca/ottawa/1120-field-street,4 ,2 ,$2850
https://rentals.ca/ottawa/6776-breanna-cardill-street,3 ,3 ,$2550
https://rentals.ca/ottawa/1086-apolydor-avenue-unit2,3 ,1 ,$2250
https://rentals.ca/ottawa/200-rideau-street-unit2306,2 ,2 ,$3500
https://rentals.ca/ottawa/23-rhapsody-lane-1,3 ,3 ,$2400
https://rentals.ca/ottawa/310-central-park-drive-unit4g,1 ,1 ,$1800
https://rentals.ca/ottawa/1086-apolydor-avenue,3 ,1 ,$2250
https://rentals.ca/ottawa/33-pacing-walk-1,3 ,2.5 ,$2475
https://rentals.ca/ottawa/2793-saint-stephens-street,3.5 ,4 ,$3299
https://rentals.ca/ottawa/316-bruyere-street-unit111,2 ,2 ,$2600
https://rentals.ca/ottawa/101-richmond-road-unit612,1 ,1 ,$1900
https://rentals.ca/ottawa/308-presland-road-unita-1,3 ,2 ,$2500
https://rentals.ca/ottawa/238-besserer-street-unit617,2 ,2 ,$2750
https://rentals.ca/ottawa/400-stewart-street-unit1701,3 ,2 ,$4000
https://rentals.ca/ottawa/101-richmond-road-2,1 ,1 ,$1900
https://rentals.ca/ottawa/370-athlone-avenue,0 ,0 ,$2295
https://rentals.ca/ottawa/191-second-avenue-1,5 ,1.5 ,$3800
https://rentals.ca/ottawa/merivale-road,5 ,3.5 ,$3000
https://rentals.ca/ottawa/330-boudreau-street,3 ,3 ,$2600
https://rentals.ca/ottawa/281-everest-private-unita,2 ,3 ,$2000
https://rentals.ca/ottawa/92-esterlawn-point-1,3 ,2 ,$2250
https://rentals.ca/ottawa/90-landry-street-unit1102,2 ,2 ,$2700
https://rentals.ca/ottawa/2208-audrey-avenue-unitb,3 ,1 ,$1950
https://rentals.ca/ottawa/195-besserer-street-unit506,1 ,1 ,$1900
https://rentals.ca/ottawa/1944-ronald-avenue,4 ,2 ,$3350
https://rentals.ca/ottawa/99-granville-street-1,3 ,3 ,$2850
https://rentals.ca/ottawa/217-kimpton-drive,3.5 ,2.5 ,$2300
https://rentals.ca/ottawa/741-weston-drive,3 ,1 ,$2650
https://rentals.ca/ottawa/2483-junction-avenue,6 ,2 ,$688
https://rentals.ca/ottawa/2300-elmira-drive,0 ,0 ,$775
https://rentals.ca/ottawa/373-bronson-avenue,1 ,1 ,$1800
https://rentals.ca/ottawa/213-armstrong-street,3 ,1 ,$1950
https://rentals.ca/ottawa/895-chapman-boulevard,3 ,1 ,$1950
https://rentals.ca/ottawa/373-echo-drive,1 ,1 ,$1800
https://rentals.ca/ottawa/1325-cornfield-crescent,2 ,1 ,$1800
https://rentals.ca/ottawa/15-fanterra-way,4 ,3 ,$3100
https://rentals.ca/ottawa/37-third-avenue,3 ,3 ,$3800
https://rentals.ca/ottawa/49-preston-street,1 ,1 ,$1950
https://rentals.ca/ottawa/447-roosevelt-avenue,4 ,3 ,$5450
https://rentals.ca/ottawa/486-albert-street-1,1 ,1 ,$1625
https://rentals.ca/ottawa/11-irving-avenue,2 ,1 ,$2295
https://rentals.ca/ottawa/158-mcarthur-avenue,2 ,1 ,$1950
https://rentals.ca/ottawa/101-queen-street-1,1 ,1 ,$2800
https://rentals.ca/ottawa/200-hopewell-avenue-1,0.5 ,1 ,$675
https://rentals.ca/ottawa/831-bronson-avenue,1 ,1 ,$750
https://rentals.ca/ottawa/578-edison-avenue,1 ,1 ,$1275
https://rentals.ca/ottawa/73-sandwalk-private,3 ,2 ,$2650
https://rentals.ca/ottawa/179-fordham-private,2 ,1.5 ,$2100
https://rentals.ca/ottawa/320-miwate-pvt-3,1 ,1 ,$2600
https://rentals.ca/ottawa/707-parkdale,5 ,4 ,$4950
https://rentals.ca/ottawa/429-kent-street-1,0 ,1 ,$2000
https://rentals.ca/ottawa/360-cumberland-street,1 ,1 ,$1850
https://rentals.ca/ottawa/360-cumberland-street-3,1 ,1 ,$1850
https://rentals.ca/ottawa/4-champlain-avenue-unit1,1 ,1 ,$1700
https://rentals.ca/ottawa/560-tweedsmuir-avenue-1,5 ,4 ,$4250
https://rentals.ca/ottawa/280-crichton-street-unit204,2 ,2 ,$3350
https://rentals.ca/ottawa/1821-walkley-road-unit17,3 ,2 ,$2400
https://rentals.ca/ottawa/281-kirchoffer-avenue,5 ,5 ,$6000
https://rentals.ca/ottawa/jolliet-avenue,2 ,1 ,$1995
https://rentals.ca/ottawa/jolliet-avenue-2,2 ,1 ,$2300
https://rentals.ca/ottawa/2871-richmond-road-unit1516,2 ,2 ,$2000
https://rentals.ca/ottawa/33-pacing-walk,3 ,3 ,$2475
https://rentals.ca/ottawa/1180-ohio-street-unit703,2 ,1 ,$1950
https://rentals.ca/ottawa/500-laurier-avenue-w-unit2305,2 ,3 ,$2800
https://rentals.ca/ottawa/32-havelock-street-1,2 ,2 ,$3400
https://rentals.ca/ottawa/1921-bromley-road-2,3 ,2 ,$2900
https://rentals.ca/ottawa/212-annapolis-circle,5 ,4 ,$3500
https://rentals.ca/ottawa/449-preston-street-unit2,1 ,1 ,$1600
https://rentals.ca/ottawa/200-rideau-street-unit1901,2 ,2 ,$2850
https://rentals.ca/ottawa/5-arundel-avenue,4 ,2 ,$3700
https://rentals.ca/ottawa/375-mackay-street-unit1,2 ,1 ,$2400
https://rentals.ca/ottawa/4-champlain-avenue-unit4,2 ,2 ,$2400
https://rentals.ca/ottawa/323-winona-avenue-unit402,2 ,2 ,$2800
https://rentals.ca/ottawa/438-presland-road,5 ,4 ,$3700
https://rentals.ca/ottawa/121-parkdale-avenue-unit2611,2 ,2 ,$2715
https://rentals.ca/ottawa/280-crichton-street-unit402,2 ,2 ,$3960
https://rentals.ca/ottawa/101-queen-street-unit905,1 ,1 ,$2650
https://rentals.ca/ottawa/348-london-terrace,3 ,2 ,$2500
https://rentals.ca/ottawa/255-cowley-avenue,6 ,6 ,$7000
https://rentals.ca/ottawa/40-nepean-street-unit2701,1 ,1 ,$2350
https://rentals.ca/ottawa/1776-ainsley-drive-unit2,1 ,2 ,$2200
https://rentals.ca/ottawa/657-parade-drive,3 ,3 ,$2500
https://rentals.ca/ottawa/519-cole-avenue,2 ,2 ,$2850
https://rentals.ca/ottawa/708-taliesin-crescent,3 ,3 ,$2400
https://rentals.ca/ottawa/280-crichton-street-unit206,1 ,1 ,$2860
https://rentals.ca/ottawa/4-champlain-avenue-unit2,1 ,1 ,$1950
https://rentals.ca/ottawa/740-brittanic-road-1,4 ,3 ,$2700
https://rentals.ca/ottawa/110-rideau-terrace-unit4,1 ,2 ,$2700
https://rentals.ca/ottawa/48-ella-street,3 ,3 ,$3750
https://rentals.ca/ottawa/114-sherbrooke-avenue-1,1 ,1.5 ,$1150
https://rentals.ca/ottawa/6705-cedar-acres-drive,3 ,2 ,$3200
https://rentals.ca/ottawa/101-queen-street,0.5 ,1 ,$2800
https://rentals.ca/ottawa/805-carling-avenue-2,1 ,1 ,$2300
https://rentals.ca/ottawa/crossway-terrace,3 ,2.5 ,$2299
https://rentals.ca/ottawa/2537-flannery-drive,1 ,2 ,$950
https://rentals.ca/ottawa/730-maloja-way,4 ,3.5 ,$2450
https://rentals.ca/ottawa/24-champlain-avenue,2 ,1 ,$1850
https://rentals.ca/ottawa/192-bronson-avenue-1,1 ,1 ,$1900
https://rentals.ca/ottawa/618-tweedsmuir-avenue,3 ,3 ,$3800
https://rentals.ca/ottawa/2094-leinster-circle,2.5 ,3 ,$2200
https://rentals.ca/ottawa/200-besserer-street,1 ,1 ,$1700
https://rentals.ca/ottawa/22-mendoza-way,4 ,3.5 ,$2950
https://rentals.ca/ottawa/2097-alta-vista-drive,0 ,1 ,$925
https://rentals.ca/ottawa/740-brittanic-road,4 ,2.5 ,$2700
https://rentals.ca/ottawa/296-altha-avenue,1 ,1 ,$2000
https://rentals.ca/ottawa/124-unity-place,4 ,2.5 ,$2650
https://rentals.ca/ottawa/culdaff-road,3 ,2.5 ,$2200
https://rentals.ca/ottawa/1157-rockingham-avenue,1 ,1 ,$800
https://rentals.ca/ottawa/2-garland-street,2 ,1.5 ,$2995
https://rentals.ca/ottawa/286-cambridge-street-north,2 ,3.5 ,$3200
https://rentals.ca/ottawa/45-saint-andrew-street-1,2 ,1 ,$1950
https://rentals.ca/ottawa/1304-adirondack-drive,1 ,2 ,$1200
https://rentals.ca/ottawa/518-rochester-street,2 ,2 ,$2700
https://rentals.ca/ottawa/300-lisgar-street,1.5 ,1 ,$3000
https://rentals.ca/ottawa/330-livery-street-2,2.5 ,2 ,$2195
https://rentals.ca/ottawa/45-saint-andrew-street,2 ,1 ,$2100
https://rentals.ca/ottawa/25-mcarthur-avenue,1 ,1 ,$1649
https://rentals.ca/ottawa/200-rideau-street,1 ,1 ,$2190
https://rentals.ca/ottawa/1180-southwood-drive,3 ,1 ,$2095
https://rentals.ca/ottawa/255-frechette-street,1.5 ,1 ,$1395
https://rentals.ca/ottawa/732-cooper-street,2 ,1.5 ,$2200
https://rentals.ca/ottawa/235-kent-street-2,1.5 ,1 ,$1995
https://rentals.ca/ottawa/235-tim-sheehan-place,3 ,2.5 ,$2250
https://rentals.ca/ottawa/38-limnos-lane,4 ,3 ,$2500
https://rentals.ca/ottawa/330-livery-street,2.5 ,2 ,$2295
https://rentals.ca/ottawa/330-livery-street-3,1.5 ,1 ,$1795
https://rentals.ca/ottawa/558-gilmour-street,3 ,1 ,$2700
https://rentals.ca/ottawa/1295-notting-hill-avenue-1,3 ,1 ,$2350
https://rentals.ca/ottawa/12-somerset-street-west,3 ,3 ,$3750
https://rentals.ca/ottawa/110-havelock-street,3 ,2.5 ,$2500
https://rentals.ca/ottawa/19-caroline-avenue-1,2 ,1 ,$2650
https://rentals.ca/ottawa/304-nelson-street,4 ,1 ,$2800
https://rentals.ca/ottawa/derreen-avenue,3 ,3 ,$2200
https://rentals.ca/ottawa/1512-walkley-road,2 ,1.5 ,$2089
https://rentals.ca/ottawa/2748-moncton-road,3 ,1.5 ,$1800
https://rentals.ca/ottawa/1180-karn-place-1,2 ,1 ,$1850
https://rentals.ca/ottawa/88-ste-cecile-street,2 ,1 ,$2100
https://rentals.ca/ottawa/360-levis-avenue,4 ,2 ,$2899
https://rentals.ca/ottawa/35-second-avenue,1 ,1 ,$1750
https://rentals.ca/ottawa/456-gladstone-avenue,3 ,1.5 ,$2695
https://rentals.ca/ottawa/19-caroline-avenue,2.5 ,1 ,$2675
https://rentals.ca/ottawa/207-bell-street-north-1,1 ,1 ,$1599
https://rentals.ca/ottawa/springfield-road,3 ,1.5 ,$2975
https://rentals.ca/ottawa/401-golden-avenue,2 ,2 ,$2800
https://rentals.ca/ottawa/371-nelson-st,3 ,1.5 ,$2250
https://rentals.ca/ottawa/530-laurier-avenue-west-1,1 ,1 ,$1950
https://rentals.ca/ottawa/1586-digby-street,4 ,0 ,$2550
https://rentals.ca/ottawa/394-winston-avenue,2.5 ,2 ,$3300
https://rentals.ca/ottawa/parkdale-avenue,4 ,2.5 ,$5950
https://rentals.ca/ottawa/2200-saunderson-drive,3 ,1.5 ,$2200
https://rentals.ca/ottawa/111-champagne-avenue-south,1 ,1 ,$2100
https://rentals.ca/ottawa/1296-randall-avenue,3 ,2 ,$3500
https://rentals.ca/ottawa/2033-cornish-street,2.5 ,1 ,$2450
https://rentals.ca/ottawa/549-donald-street,3 ,2 ,$2500
https://rentals.ca/ottawa/555-brittany-drive,2 ,2 ,$2050
https://rentals.ca/ottawa/716-luc-street,2 ,1 ,$2400
https://rentals.ca/ottawa/47-third-avenue-1,3 ,1.5 ,$4800
https://rentals.ca/ottawa/98-richmond-road-1,1 ,1 ,$2350
https://rentals.ca/ottawa/weston-drive,4 ,2 ,$3100
https://rentals.ca/ottawa/1225-saint-paul-avenue,2 ,1 ,$2100
https://rentals.ca/ottawa/sherman-drive,3 ,2 ,$2950
https://rentals.ca/ottawa/39-sienna-private,3 ,2.5 ,$2800
https://rentals.ca/ottawa/2029-saunderson-drive,4 ,2 ,$2450
https://rentals.ca/ottawa/1785-frobisher-lane,2 ,1 ,$2100
https://rentals.ca/ottawa/811-connaught-avenue-1,3 ,1.5 ,$2300
https://rentals.ca/ottawa/883-somerset-street-west,1.5 ,1 ,$1500
https://rentals.ca/ottawa/170-breezehill-avenue-north-1,2 ,1 ,$2100
https://rentals.ca/ottawa/289-irene-crescent,2 ,1 ,$1950
https://rentals.ca/ottawa/433-holland-avenue,3.5 ,2 ,$2999
https://rentals.ca/ottawa/1091-aldea-avenue,4 ,2 ,$2700
https://rentals.ca/ottawa/2058-allegrini-terrace,3 ,2.5 ,$2350
https://rentals.ca/ottawa/567-rioja-street,3 ,1.5 ,$2350
https://rentals.ca/ottawa/404-arlington-avenue-2,2 ,2 ,$2450
https://rentals.ca/ottawa/404-arlington-avenue,3 ,2.5 ,$3250
https://rentals.ca/ottawa/842-alpine-avenue,1 ,1 ,$1500
https://rentals.ca/ottawa/805-carling-avenue-1,1 ,1 ,$2400
https://rentals.ca/ottawa/360-patricia-avenue,1 ,1 ,$1850
https://rentals.ca/ottawa/129-eccles-street,3 ,1.5 ,$2900
https://rentals.ca/ottawa/470-cambridge-street-south,1 ,1 ,$1455
https://rentals.ca/ottawa/142-cobourg-street-1,2 ,3 ,$3500
https://rentals.ca/ottawa/ainsley-drive-1,2 ,1 ,$1500
https://rentals.ca/ottawa/vancouver-avenue,0.5 ,0.5 ,$699
https://rentals.ca/ottawa/1015-north-river-road,3 ,1.5 ,$2450
https://rentals.ca/ottawa/86-holland-avenue-1,2 ,1 ,$2875
https://rentals.ca/ottawa/86-holland-avenue,2 ,1 ,$2875
https://rentals.ca/ottawa/612-bank-street,1 ,1 ,$1950
https://rentals.ca/ottawa/445-laurier-avenue-west-3,2 ,1 ,$1400
https://rentals.ca/ottawa/23-ravenscroft-court,3 ,2.5 ,$2300
https://rentals.ca/ottawa/29-robinson-avenue,0.5 - 2 ,1 - 2 ,$1600 - $2410
https://rentals.ca/ottawa/530-de-mazenod-avenue-2,1 ,1 ,$2200
https://rentals.ca/ottawa/34-viewpointe-private,3 ,1.5 ,$2200
https://rentals.ca/ottawa/19-great-oak-private,3.5 ,2.5 ,$3100
https://rentals.ca/ottawa/1587-dorion-avenue-1,1 ,1 ,$875
https://rentals.ca/ottawa/74-adrift-street,4 ,3 ,$3000
https://rentals.ca/ottawa/rue-cumberland-street,1 ,1 ,$1350
https://rentals.ca/ottawa/492-mutual-street-1,3 ,1 ,$2400
https://rentals.ca/ottawa/255-bay-street-1,1 ,1 ,$1950
https://rentals.ca/ottawa/475-laurier-avenue-west-1,1 ,1 ,$1700
https://rentals.ca/ottawa/74-margrave-avenue,3 ,2.5 ,$2150
https://rentals.ca/ottawa/allegrini-terr,3 ,2.5 ,$2250
https://rentals.ca/ottawa/2272-lawn-avenue,3 ,2 ,$2850
https://rentals.ca/ottawa/127-grenadine-street,3 ,1.5 ,$2150
https://rentals.ca/ottawa/1707-edge-hill-place,3 ,2 ,$2600
https://rentals.ca/ottawa/324-laurier-avenue-west-6,1 ,1 ,$1995
https://rentals.ca/ottawa/809-indica-street,3 ,2.5 ,$2250
https://rentals.ca/ottawa/1178-gladstone-avenue,3 ,1 ,$2500
https://rentals.ca/ottawa/360-patricia-avenue-1,1 ,1 ,$1850
https://rentals.ca/ottawa/199-kent-street-5,2 ,1 ,$2700
https://rentals.ca/ottawa/1180-karn-place,1 ,1 ,$1650
https://rentals.ca/ottawa/555-anand-private-1,2 ,2 ,$2200
https://rentals.ca/ottawa/555-anand-private,2 ,2 ,$2200
https://rentals.ca/ottawa/155-marquette-avenue,2.5 ,1 ,$1595
https://rentals.ca/ottawa/142-ivy-crescent-2,2 ,2.5 ,$3200
https://rentals.ca/ottawa/1100-ambleside-drive-1,2 ,1 ,$2100
https://rentals.ca/ottawa/199-kent-street-1,1 ,1 ,$1850
https://rentals.ca/ottawa/195-besserer-street-6,1 ,1 ,$2250
https://rentals.ca/ottawa/337-zephyr-avenue,2.5 ,1 ,$1995
https://rentals.ca/ottawa/3448-southgate-road,3 ,2.5 ,$2550
https://rentals.ca/ottawa/104-goulburn-avenue-1,1 ,1 ,$1520
https://rentals.ca/ottawa/1295-notting-hill-avenue,3 ,1 ,$2375
https://rentals.ca/ottawa/485-richmond-road-1,0.5 ,0.5 ,$2500
https://rentals.ca/ottawa/277-dovercourt-avenue,3.5 ,3.5 ,$4500
https://rentals.ca/ottawa/356-levis-avenue,3 ,1 ,$2399
https://rentals.ca/ottawa/13-pacing-walk,3 ,2.5 ,$2595
https://rentals.ca/ottawa/601-somerset-street-west-2,2 ,1 ,$2250
https://rentals.ca/ottawa/6723-cedar-acres-drive,4 ,2 ,$2500
https://rentals.ca/ottawa/274-murray-street,2 ,1 ,$2400
https://rentals.ca/ottawa/759-samantha-eastop-avenue,3 ,2.5 ,$2800
https://rentals.ca/ottawa/39-commanda-way-1,1.5 ,4 ,$6000
https://rentals.ca/ottawa/125-carruthers-avenue,1 ,1 ,$1900
https://rentals.ca/ottawa/213-mart-circle-1,2 ,1.5 ,$1950
https://rentals.ca/ottawa/215-percy-street,2 ,1 ,$2100
https://rentals.ca/ottawa/576-thomson-street-1,1 ,1 ,$1450
https://rentals.ca/ottawa/224-lyon-street-north,0.5 ,1 ,$1850
https://rentals.ca/ottawa/47-third-avenue-2,3 ,1.5 ,$4995
https://rentals.ca/ottawa/65-defence-street,5 ,3.5 ,$3000
https://rentals.ca/ottawa/303-brigitta-street,3.5 ,2.5 ,$2500
https://rentals.ca/ottawa/354-gladstone-avenue-1,2.5 ,2 ,$2800
https://rentals.ca/ottawa/6-oblats-avenue,1 ,1 ,$1990
https://rentals.ca/ottawa/39-commanda-way,3 ,3.5 ,$6000
https://rentals.ca/ottawa/145-dalhousie-street,3 ,3 ,$3300
https://rentals.ca/ottawa/35-murray-street-1,1 ,1 ,$2700
https://rentals.ca/ottawa/300-lett-street-1,2 ,2 ,$2750
https://rentals.ca/ottawa/200-rideau-street-1,1 ,1 ,$1400
https://rentals.ca/ottawa/28-arundel-avenue,4 ,1.5 ,$2400
https://rentals.ca/ottawa/268-breezehill-avenue-south-2,3 ,2.5 ,$3350
https://rentals.ca/ottawa/82-third-avenue-1,3 ,2.5 ,$5200
https://rentals.ca/ottawa/429-somerset-street-west,2 ,2 ,$2100
https://rentals.ca/ottawa/309-rue-cumberland-street,2 ,2 ,$2200
https://rentals.ca/ottawa/1091-aldea-avenue-1,4 ,2 ,$2750
https://rentals.ca/ottawa/530-laurier-avenue-west,2 ,1 ,$2500
https://rentals.ca/ottawa/360-cumberland-street-2,2 ,1 ,$2695
https://rentals.ca/ottawa/277-maygrass-street,2 ,2.5 ,$2350
https://rentals.ca/ottawa/1235-saint-paul-avenue,4 ,2 ,$3500
https://rentals.ca/ottawa/916-rex-avenue,2 ,1 ,$2200
https://rentals.ca/ottawa/122-solera-circle-2,4 ,3.5 ,$4600
https://rentals.ca/ottawa/63-preston-street,1 ,1 ,$1850
https://rentals.ca/ottawa/40-briston-private-1,1 ,1.5 ,$800
https://rentals.ca/ottawa/97-smirle-avenue,3 ,1 ,$3000
https://rentals.ca/ottawa/67-pinehurst-avenue,3 ,2 ,$3000
https://rentals.ca/ottawa/201-parkdale-avenue-1,1 ,1 ,$2000
https://rentals.ca/ottawa/1018-maitland-avenue,4 ,1.5 ,$3000
https://rentals.ca/ottawa/200-clearview-avenue-1,1 ,1 ,$800
https://rentals.ca/ottawa/489-pleasant-park-road-1,3 ,1 ,$2790
https://rentals.ca/ottawa/84-james-street,2 ,2 ,$2500
https://rentals.ca/ottawa/46-ella-street,3 ,3 ,$3950
https://rentals.ca/ottawa/478-roosevelt-avenue,3.5 ,2 ,$3350
https://rentals.ca/ottawa/200-clearview-avenue,3 ,2.5 ,$800
https://rentals.ca/ottawa/ballinora-lane-1,3 ,2 ,$2200
https://rentals.ca/ottawa/229-peres-blancs-avenue,2 ,1 ,$750
https://rentals.ca/ottawa/142-cobourg-street,2 ,3 ,$3500
https://rentals.ca/ottawa/26-lambton-avenue,4 ,2.5 ,$5499
https://rentals.ca/ottawa/2366-malone-crescent,3 ,1 ,$1995
https://rentals.ca/ottawa/264-bruyere-street,3 ,1 ,$2395
https://rentals.ca/ottawa/370-cambridge-street-north,2.5 ,1 ,$1650
https://rentals.ca/ottawa/104-unity-place-1,4 ,2.5 ,$2700
https://rentals.ca/ottawa/101-richmond-road,1 ,1 ,$2200
https://rentals.ca/ottawa/40-nepean-street,2 ,2 ,$2700
https://rentals.ca/ottawa/77-whalings-circle,3 ,1.5 ,$2500
https://rentals.ca/ottawa/3260-southgate-road,4 ,2 ,$2500
https://rentals.ca/ottawa/45-holland-avenue,1.5 ,1 ,$1900
https://rentals.ca/ottawa/154-donald-street-2,3 ,1.5 ,$2550
https://rentals.ca/ottawa/255-bay-street-8,1 ,1 ,$1995
https://rentals.ca/ottawa/6-oblats-avenue-1,1 ,1 ,$2165
https://rentals.ca/ottawa/79-third-avenue,1 ,1 ,$1950
https://rentals.ca/ottawa/32-central-park-drive,3 ,2.5 ,$2500
https://rentals.ca/ottawa/121-parkdale-avenue-3,2 ,2 ,$2795
https://rentals.ca/ottawa/21-perkins-street,4 ,1.5 ,$3000
https://rentals.ca/ottawa/201-parkdale-avenue,1 ,1 ,$1850
https://rentals.ca/ottawa/404-arlington-avenue-1,2 ,1.5 ,$3000
https://rentals.ca/ottawa/6435-fallowfield-road-1,1 ,1 ,$2400
https://rentals.ca/ottawa/56-stevenson-avenue,2 ,1 ,$1875
https://rentals.ca/ottawa/600-gilmour-street,1 ,1 ,$1595
https://rentals.ca/ottawa/199-slater-street-1,0 ,0 ,$1700
https://rentals.ca/ottawa/149-waverley-street,3.5 ,1 ,$2550
https://rentals.ca/ottawa/47-third-avenue,3 ,1.5 ,$5800
https://rentals.ca/ottawa/3446-southgate-road,3.5 ,2.5 ,$2450
https://rentals.ca/ottawa/268-lorry-greenberg-drive,2 ,1 ,$1850
https://rentals.ca/ottawa/2199-bel-air-drive,1 ,1.5 ,$800
https://rentals.ca/ottawa/121-parkdale-avenue-5,2 ,2 ,$2795
https://rentals.ca/ottawa/160-mafeking-avenue,2 ,2 ,$2200
https://rentals.ca/ottawa/93-briston-private,1 ,1.5 ,$1980
https://rentals.ca/ottawa/35-holland-avenue,1 ,1 ,$1800
https://rentals.ca/ottawa/430-parkdale-avenue-1,1 ,1 ,$1695
https://rentals.ca/ottawa/1171-ambleside-drive-1,1 ,1 ,$1900
https://rentals.ca/ottawa/1025-grenon-avenue-1,1 ,1 ,$1550
https://rentals.ca/ottawa/635-richmond-road,1 ,1.5 ,$2400
https://rentals.ca/ottawa/445-laurier-avenue-west-4,1 ,1 ,$2000
https://rentals.ca/ottawa/123-carruthers-avenue,1 ,1 ,$1595
https://rentals.ca/ottawa/470-laurier-avenue-west,1 ,1 ,$1900
https://rentals.ca/ottawa/434-hilson-avenue-1,4 ,3 ,$3850
https://rentals.ca/ottawa/340-briston-private,2 ,1.5 ,$1900
https://rentals.ca/ottawa/2551-southvale-crescent,1 ,0 ,$625
https://rentals.ca/ottawa/18-jolliet-avenue,2 ,1 ,$1850
https://rentals.ca/ottawa/270-breezehill-avenue-south,1 ,1 ,$2025
https://rentals.ca/ottawa/1169-rockingham-avenue-1,2 ,1 ,$1595
https://rentals.ca/ottawa/46-ella-street-1,3 ,3 ,$3950
https://rentals.ca/ottawa/hutchison-avenue,5 ,3.5 ,$8950
https://rentals.ca/ottawa/19-pentry-lane-1,4 ,2 ,$3500
https://rentals.ca/ottawa/355-nelson-street,1 - 2 ,1 ,$1800 - $2200
https://rentals.ca/ottawa/170-breezehill-avenue-north,2 ,1 ,$2100
https://rentals.ca/ottawa/2328-atwater-street,5 ,2 ,$3600
https://rentals.ca/ottawa/829-smyth-road,2 ,1 ,$2400
https://rentals.ca/ottawa/207-jeremiah-kealey-street,3 ,3 ,$3500
https://rentals.ca/ottawa/columbus-avenue-1,3 ,1 ,$3400
https://rentals.ca/ottawa/columbus-avenue,2.5 ,1 ,$2850
https://rentals.ca/ottawa/10-oblats-avenue,1 - 2 ,1 - 2 ,$1875 - $2595
https://rentals.ca/ottawa/58-lebreton-street-north-2,2 ,1 ,$2550
https://rentals.ca/ottawa/136-goulburn-avenue,5 ,2.5 ,$3700
https://rentals.ca/ottawa/430-parkdale-avenue,1 ,1 ,$1195
https://rentals.ca/ottawa/bradley-avenue,2 ,1 ,$1400
https://rentals.ca/ottawa/464-rue-wilbrod-street,0 - 2 ,1 ,$1300 - $2000
https://rentals.ca/ottawa/12-hamilton-avenue-north-2,1 - 2 ,1 ,$1625 - $2195
https://rentals.ca/ottawa/175-main-street,1 ,1 ,$1905 - $2130
https://rentals.ca/ottawa/716-chapman-boulevard,4 ,2 ,$3300
https://rentals.ca/ottawa/lorry-greenberg-drive,2 ,1 ,$1850
https://rentals.ca/ottawa/171-hickstead-way,0 ,0 ,$3300
https://rentals.ca/ottawa/857-blackcomb-private,1.5 ,1 ,$2000
https://rentals.ca/ottawa/805-carling-avenue-id577722,1.5 ,1 ,$2450
https://rentals.ca/ottawa/251-percy-street,1 ,1 ,$1175
https://rentals.ca/ottawa/300-lisgar-street-1,1 ,1 ,$2500
https://rentals.ca/ottawa/212-plymouth-street-1,3 ,0.5 ,$2400
https://rentals.ca/ottawa/179-george-street-4,2 ,2 ,$1350
https://rentals.ca/ottawa/278-hinchey-avenue,1 ,0.5 ,$1650
https://rentals.ca/ottawa/rookie-crescent,3 ,3 ,$2250
https://rentals.ca/ottawa/jenscott-private,2 ,2 ,$2700
https://rentals.ca/ottawa/stallion-crescent,3 ,2.5 ,$2200
https://rentals.ca/ottawa/219-shinny-avenue,3 ,3 ,$2350
https://rentals.ca/ottawa/jardiniere-street-1,4 ,2.5 ,$2500
https://rentals.ca/ottawa/208-bandelier-way,3 ,2.5 ,$2200
https://rentals.ca/ottawa/74-esterlawn-private,3 ,1.5 ,$2100
https://rentals.ca/ottawa/92-latigo-ridge,3 ,2.5 ,$2375
https://rentals.ca/ottawa/100-woodhurst-crescent,3 ,3.5 ,$2500
https://rentals.ca/ottawa/252-saint-andrew-street,2 ,1 ,$1750
https://rentals.ca/ottawa/228-sheaf-row,4 ,2.5 ,$2500
https://rentals.ca/ottawa/13-college-circle,2.5 ,2.5 ,$2500
https://rentals.ca/ottawa/1717-heatherington-road,3 ,2 ,$2000
https://rentals.ca/ottawa/185-lyon-street-north-2,0 ,1 ,$1669
https://rentals.ca/ottawa/13-henry-street-1,1 ,1 ,$1500
https://rentals.ca/ottawa/1202-kingston-avenue,0 ,1 ,$1550
https://rentals.ca/ottawa/265-laurier-avenue-east,1 ,1 ,$900
https://rentals.ca/ottawa/136-kamloops-avenue,1 ,1 ,$1000
https://rentals.ca/ottawa/305-rideau-street-1,1 ,1 ,$1200
https://rentals.ca/ottawa/240-avenue-blackburn,1 ,1 ,$1000
https://rentals.ca/ottawa/642-shelley-avenue,1 ,0 ,$400
https://rentals.ca/ottawa/200-hopewell-avenue,7 ,3 ,$800
https://rentals.ca/ottawa/155-stewart-street,1 ,1 ,$1450
https://rentals.ca/ottawa/980-goren-avenue,3 ,1 ,$1950
https://rentals.ca/ottawa/428-george-street-west,3 ,1 ,$2100
https://rentals.ca/ottawa/456-mutual-street,3 ,1 ,$2250
https://rentals.ca/ottawa/295-michel-circle,3 ,1 ,$2100
https://rentals.ca/ottawa/564-highcroft-avenue,3 ,2 ,$2800
https://rentals.ca/ottawa/212-plymouth-street,3 ,0.5 ,$2400
https://rentals.ca/ottawa/692-holt-crescent,3 ,2 ,$3200
https://rentals.ca/ottawa/434-hilson-avenue,3 ,2.5 ,$3850
https://rentals.ca/ottawa/colonel-murray-street,3 ,2 ,$2500
https://rentals.ca/ottawa/180-marlborough-avenue,5 ,2 ,$4375
https://rentals.ca/ottawa/2065-vincent-street,2.5 ,1 ,$2200
https://rentals.ca/ottawa/65-kilbarry-crescent,4 ,4 ,$4900
https://rentals.ca/ottawa/135-young-street,4 ,1.5 ,$2200
https://rentals.ca/ottawa/1-cornwall-street,5 ,2.5 ,$5000
https://rentals.ca/ottawa/104-hickstead-way,4 ,2.5 ,$3150
https://rentals.ca/ottawa/636-rue-oconnor-street,1 ,1 ,$4000
https://rentals.ca/ottawa/144-wilbert-cox-drive,5 ,3 ,$4000
https://rentals.ca/ottawa/81-ivy-crescent,3 ,2 ,$3500
https://rentals.ca/ottawa/326-athlone-avenue,4 ,2 ,$3600
https://rentals.ca/ottawa/10-fallow-court,3 ,2.5 ,$2400
https://rentals.ca/ottawa/1185-emperor-avenue,3 ,2 ,$2000
https://rentals.ca/ottawa/183-woodroffe-avenue,7 ,3 ,$800
https://rentals.ca/ottawa/748-brittanic-road-1,4 ,3 ,$2600
https://rentals.ca/ottawa/2255-tecumseh-street,3 ,2 ,$2700
https://rentals.ca/ottawa/derreen-avenue-4,3 ,2.5 ,$2500
https://rentals.ca/ottawa/105-erin-crescent,3 ,2.5 ,$2550
https://rentals.ca/ottawa/313-beechgrove-avenue,2 ,3 ,$2875
https://rentals.ca/ottawa/2812-saint-stephens-street,5 ,2 ,$2900
https://rentals.ca/ottawa/907-smyth-road,3 ,1.5 ,$2400
https://rentals.ca/ottawa/273-shakespeare-street-1,3 ,1 ,$2050
https://rentals.ca/ottawa/2636-elmhurst-street,3 ,1 ,$2300
https://rentals.ca/ottawa/841-alpine-avenue,3 ,1 ,$1700
https://rentals.ca/ottawa/1025-grenon-avenue,1 ,1 ,$1785
https://rentals.ca/ottawa/199-slater-street-8,1 ,1 ,$1950
https://rentals.ca/ottawa/805-carling-avenue-id575174,2 ,1 ,$2400
https://rentals.ca/ottawa/354-gladstone-avenue-4,1 ,1 ,$1700
https://rentals.ca/ottawa/90-george-street,1 ,1 ,$2600
https://rentals.ca/ottawa/1081-ambleside-drive-1,1 ,1 ,$2000
https://rentals.ca/ottawa/255-bay-street-3,0.5 ,0.5 ,$1995
https://rentals.ca/ottawa/205-bolton-street,1 ,1 ,$2100
https://rentals.ca/ottawa/1171-ambleside-drive,1 ,1 ,$2000
https://rentals.ca/ottawa/199-kent-street-2,2 ,1 ,$2150
https://rentals.ca/ottawa/805-carling-avenue-id553456,2 ,1 ,$2700
https://rentals.ca/ottawa/682-churchill-avenue-north-1,2 ,2 ,$2300
https://rentals.ca/ottawa/555-brittany-drive-1,2 ,2 ,$2200
https://rentals.ca/ottawa/242-rideau-street-6,2 ,2 ,$2850
https://rentals.ca/ottawa/116-briston-private,2 ,1.5 ,$1900
https://rentals.ca/ottawa/360-cumberland-street-1,1 ,1 ,$1850
https://rentals.ca/ottawa/338-london-terrace,2.5 ,1.5 ,$2100
https://rentals.ca/ottawa/mcleod-street,1 ,1 ,$1900
https://rentals.ca/ottawa/234-rideau-street-4,2 ,2 ,$2500
https://rentals.ca/ottawa/158-mcarthur-avenue-2,1 ,2 ,$1950
https://rentals.ca/ottawa/310-central-park-drive,1 ,1 ,$1800
https://rentals.ca/ottawa/255-bay-street-5,1 ,1 ,$1950
https://rentals.ca/ottawa/121-parkdale-avenue-id567828,1 ,1 ,$1805
https://rentals.ca/ottawa/460-saint-laurent-boulevard,1.5 ,0.5 ,$1895
https://rentals.ca/ottawa/485-richmond-road-3,1 ,1 ,$1980
https://rentals.ca/ottawa/robert-grant-avenue,2 ,2 ,$2150
https://rentals.ca/ottawa/100-roger-guindon-avenue,2 ,2 ,$2500
https://rentals.ca/ottawa/135-barrette-street,1 ,1 ,$3150
https://rentals.ca/ottawa/224-lyon-street-north-4,1 ,1 ,$1775
https://rentals.ca/ottawa/841-blackcomb-private-1,2 ,2 ,$1990
https://rentals.ca/ottawa/118-holmwood-avenue,1 ,1 ,$2200
https://rentals.ca/ottawa/420-berkley-avenue-1,1 ,1 ,$2250
https://rentals.ca/ottawa/101-richmond-road-1,1 ,1 ,$2160
https://rentals.ca/ottawa/121-parkdale-avenue-1,1 ,1 ,$2700
https://rentals.ca/ottawa/383-cumberland-street-2,1 ,1 ,$2150
https://rentals.ca/ottawa/324-laurier-avenue-west-1,1 ,1 ,$1890
https://rentals.ca/ottawa/234-rideau-street-5,2 ,2 ,$2750
https://rentals.ca/ottawa/411-mackay-street,1.5 ,1.5 ,$2200
https://rentals.ca/ottawa/646-cummings-avenue,1 ,1 ,$1500
https://rentals.ca/ottawa/16-lloydalex-crescent,2.5 ,1 ,$1650
https://rentals.ca/ottawa/82-grove-avenue,2 ,1 ,$1750
https://rentals.ca/ottawa/1143-jean-park-road-1,2 ,1 ,$2200
https://rentals.ca/ottawa/1143-jean-park-road,2 ,1 ,$2200
https://rentals.ca/ottawa/billings-avenue,2 ,1 ,$1800
https://rentals.ca/ottawa/590-gilmour-street,1 ,1 ,$1125
https://rentals.ca/ottawa/203-catherine-street-1,1 ,1 ,$1850
https://rentals.ca/ottawa/638-center-street,0.5 ,1 ,$1750
https://rentals.ca/ottawa/1337-kingston-avenue,2 ,1 ,$1750
https://rentals.ca/ottawa/maitland-avenue,3 ,1 ,$1875
https://rentals.ca/ottawa/byward-market-square,2 ,1 ,$1200
https://rentals.ca/ottawa/121-parkdale-avenue-7,0.5 ,0.5 ,$1650
https://rentals.ca/ottawa/111-cooper-street-8,0.5 ,1 ,$1900
https://rentals.ca/ottawa/485-king-edward-avenue,1 ,1 ,$1675
https://rentals.ca/ottawa/225-maclaren-street,1 ,1 ,$1574
https://rentals.ca/ottawa/116-cartier-street,1 ,1 ,$3200
https://rentals.ca/ottawa/250-lett-street-1,1 ,1 ,$1900
https://rentals.ca/ottawa/141-cooper-street,0 - 1 ,1 ,$1249 - $1549
https://rentals.ca/ottawa/290-powell-avenue,1 ,2 ,$2500
https://rentals.ca/ottawa/273-shakespeare-street,3 ,1 ,$2050
https://rentals.ca/ottawa/460-saint-laurent-boulevard-1,1.5 ,1 ,$1895
https://rentals.ca/ottawa/208-columbus-avenue,1.5 ,1 ,$1350
https://rentals.ca/ottawa/304-elmgrove-avenue,2 ,2 ,$2550
https://rentals.ca/ottawa/285-loretta-avenue-south,2 ,1 ,$1699
https://rentals.ca/ottawa/15-champlain-avenue,2 ,1 ,$1400
https://rentals.ca/ottawa/16-champagne-avenue-south,1 ,1 ,$1825
https://rentals.ca/ottawa/850-fisher-avenue,1 ,1 ,$1900
https://rentals.ca/ottawa/256-alfred-street,2 ,2 ,$1680
https://rentals.ca/ottawa/253-peres-blancs-avenue,1 ,1 ,$1375
https://rentals.ca/ottawa/775-maloja-way,3 ,2.5 ,$2100
https://rentals.ca/ottawa/549-bay-street,4 ,1 ,$2400
https://rentals.ca/ottawa/27-marier-avenue,1 ,1 ,$1500
https://rentals.ca/ottawa/marier-avenue,2 ,1 ,$2300
https://rentals.ca/ottawa/1960-scott-street-1,1 ,1 ,$1790
https://rentals.ca/ottawa/256-alfred-street-1,0 ,0 ,$1620
https://rentals.ca/ottawa/601-somerset-street-west-1,2 ,1 ,$2075
https://rentals.ca/ottawa/100-waverley-street,1 ,1 ,$1425
https://rentals.ca/ottawa/234-rideau-street-3,2 ,2 ,$2600
https://rentals.ca/ottawa/67-marquette-avenue,1 ,1 ,$1450
https://rentals.ca/ottawa/377-bell-street-south,4.5 ,1.5 ,$2900
https://rentals.ca/ottawa/101-champagne-avenue-south-5,1 ,1 ,$1750
https://rentals.ca/ottawa/121-parkdale-avenue-2,2 ,2 ,$2720
https://rentals.ca/ottawa/joffre-belanger-way,2 ,1 ,$1430
https://rentals.ca/ottawa/185-lyon-street-north-3,0 ,1 ,$1669
https://rentals.ca/ottawa/1494-lepage-avenue-4,2 ,1 ,$725
https://rentals.ca/ottawa/101-champagne-avenue-south-4,3 ,3 ,$1150
https://rentals.ca/ottawa/1150-fisher-avenue,1 ,1 ,$1525
https://rentals.ca/ottawa/1826-maple-grove-road,3 ,1.5 ,$2150
https://rentals.ca/ottawa/430-briston-private,2 ,1.5 ,$1850
https://rentals.ca/ottawa/83-sweetland-avenue,1 ,1 ,$700
https://rentals.ca/ottawa/1250-mcwatters-road-2,2 ,1 ,$1825
